{"N6T6QaqhO64NQM6pwPn9a4OJPtSLgQrYSN+XoFO1j/Tqlv4DqfbIOeMbPDTqJZPakLy+V70SGfK3GFizYHCrdSiv7R28R+mQ9QHZXE+/38KpQsB1Uo2GqseZf570gx/uhcO9pKCYMKYb4ttK4JwZx0VXNcaANdyLon5eXFpQspw=":{"user":"admin","client":"node-red-editor","scope":"*","accessToken":"N6T6QaqhO64NQM6pwPn9a4OJPtSLgQrYSN+XoFO1j/Tqlv4DqfbIOeMbPDTqJZPakLy+V70SGfK3GFizYHCrdSiv7R28R+mQ9QHZXE+/38KpQsB1Uo2GqseZf570gx/uhcO9pKCYMKYb4ttK4JwZx0VXNcaANdyLon5eXFpQspw=","expires":1763045372768},"uQjiltLj2vM1wDkFJjKIqjvNju8MAKzHnSmWGdtp6cuLjG8XjZVeVSYLxjSKN3MT0UBcp3cDoAa7tKUpw0mQIDq8C7qBsnGqxhgd2dRR9d4P7eG8BOevNqgWKZJdLKOLMRpyJzwznlh2+Tait96kEUdYA1r8iDW6cqHl4uYJuh4=":{"user":"admin","client":"node-red-editor","scope":"*","accessToken":"uQjiltLj2vM1wDkFJjKIqjvNju8MAKzHnSmWGdtp6cuLjG8XjZVeVSYLxjSKN3MT0UBcp3cDoAa7tKUpw0mQIDq8C7qBsnGqxhgd2dRR9d4P7eG8BOevNqgWKZJdLKOLMRpyJzwznlh2+Tait96kEUdYA1r8iDW6cqHl4uYJuh4=","expires":1763045721711}}