[
    {
        "id": "f02e5f4056c768b5",
        "type": "tab",
        "label": "Flow 1",
        "disabled": false,
        "info": "",
        "env": []
    },
    {
        "id": "flow_iot_monitor",
        "type": "tab",
        "label": "IoT Monitoring Full",
        "disabled": false,
        "info": "Web IoT full flow: login + get sensors + write to MariaDB & InfluxDB"
    },
    {
        "id": "b4dfdc9c6b41e3b2",
        "type": "MySQLdatabase",
        "name": "MariaDB iot_monitoring",
        "host": "mariadb",
        "port": "3306",
        "db": "iot_monitoring",
        "tz": "",
        "charset": "UTF8"
    },
    {
        "id": "87dfcbe3a6d34a97",
        "type": "influxdb",
        "hostname": "influxdb",
        "port": "8086",
        "protocol": "http",
        "database": "iot-bucket",
        "name": "InfluxDB iot",
        "usetls": false,
        "tls": "",
        "influxdbVersion": "2.0",
        "url": "http://influxdb:8086"
    },
    {
        "id": "mariadb_config",
        "type": "MySQLdatabase",
        "name": "MariaDB iot_monitoring",
        "host": "mariadb",
        "port": "3306",
        "db": "iot_monitoring",
        "tz": "",
        "charset": "UTF8"
    },
    {
        "id": "influx_local",
        "type": "influxdb",
        "hostname": "influxdb",
        "port": "8086",
        "protocol": "http",
        "database": "iot_data",
        "name": "Influx Local",
        "usetls": false,
        "tls": "",
        "influxdbVersion": "1.x"
    },
    {
        "id": "inject_timer",
        "type": "inject",
        "z": "flow_iot_monitor",
        "name": "Fetch sensor data every 10s",
        "props": [],
        "repeat": "10",
        "once": true,
        "topic": "",
        "x": 150,
        "y": 100,
        "wires": [
            [
                "http_get_sensor"
            ]
        ]
    },
    {
        "id": "http_get_sensor",
        "type": "http request",
        "z": "flow_iot_monitor",
        "name": "Mock API: random temperature & humidity",
        "method": "GET",
        "ret": "obj",
        "url": "https://api.thingspeak.com/channels/9/feeds.json?results=1",
        "x": 460,
        "y": 100,
        "wires": [
            [
                "function_format_data"
            ]
        ]
    },
    {
        "id": "function_format_data",
        "type": "function",
        "z": "flow_iot_monitor",
        "name": "Format sensor data",
        "func": "const now = new Date().toISOString();\nconst temp = 20 + Math.random() * 10;\nconst hum = 50 + Math.random() * 20;\n\nmsg.payload = {\n    sensor_id: 'ESP32_A1',\n    temperature: parseFloat(temp.toFixed(2)),\n    humidity: parseFloat(hum.toFixed(2)),\n    ts: now\n};\nreturn msg;",
        "outputs": 1,
        "x": 740,
        "y": 100,
        "wires": [
            [
                "mysql_update_latest",
                "influx_insert_history"
            ]
        ]
    },
    {
        "id": "mysql_update_latest",
        "type": "mysql",
        "z": "flow_iot_monitor",
        "mydb": "b4dfdc9c6b41e3b2",
        "name": "Update latest → MariaDB",
        "x": 1070,
        "y": 60,
        "wires": [
            []
        ]
    },
    {
        "id": "influx_insert_history",
        "type": "influxdb out",
        "z": "flow_iot_monitor",
        "influxdb": "influx_local",
        "name": "Insert history → InfluxDB",
        "measurement": "sensor_data",
        "precision": "",
        "retentionPolicy": "",
        "x": 1070,
        "y": 140,
        "wires": []
    },
    {
        "id": "http_login",
        "type": "http in",
        "z": "flow_iot_monitor",
        "name": "API /api/login",
        "url": "/api/login",
        "method": "post",
        "upload": false,
        "swaggerDoc": "",
        "x": 160,
        "y": 260,
        "wires": [
            [
                "function_login_check"
            ]
        ]
    },
    {
        "id": "function_login_check",
        "type": "function",
        "z": "flow_iot_monitor",
        "name": "Check user in MariaDB",
        "func": "const body = msg.payload;\nconst user = body.username;\nconst hash_client = body.password_hash;\n\nmsg.topic = `SELECT id, username, password_hash FROM users WHERE username='${user}'`;\nreturn msg;",
        "outputs": 1,
        "x": 410,
        "y": 260,
        "wires": [
            [
                "mysql_check_user"
            ]
        ]
    },
    {
        "id": "mysql_check_user",
        "type": "mysql",
        "z": "flow_iot_monitor",
        "mydb": "b4dfdc9c6b41e3b2",
        "name": "Query user → MariaDB",
        "x": 650,
        "y": 260,
        "wires": [
            [
                "function_verify_password"
            ]
        ]
    },
    {
        "id": "function_verify_password",
        "type": "function",
        "z": "flow_iot_monitor",
        "name": "Verify & create session",
        "func": "const bcrypt = global.get('bcryptjs');\nconst row = msg.payload[0];\nif (!row) {\n    msg.payload = {ok:false,error:'Sai tài khoản hoặc mật khẩu'};\n    return [null, msg];\n}\nconst ok = bcrypt.compareSync(msg.req.body.password_hash, row.password_hash);\nif (!ok) {\n    msg.payload = {ok:false,error:'Sai tài khoản hoặc mật khẩu'};\n    return [null, msg];\n}\n// Lưu session\nconst sid = Math.random().toString(36).substring(2);\nflow.set(`session_${sid}`, row.username);\nmsg.payload = {ok:true, sid, user: row.username};\nreturn [msg, null];",
        "outputs": 2,
        "x": 880,
        "y": 260,
        "wires": [
            [
                "http_login_response"
            ],
            []
        ]
    },
    {
        "id": "http_login_response",
        "type": "http response",
        "z": "flow_iot_monitor",
        "name": "Login Response",
        "statusCode": "",
        "headers": {},
        "x": 1120,
        "y": 260,
        "wires": []
    },
    {
        "id": "http_latest",
        "type": "http in",
        "z": "flow_iot_monitor",
        "name": "API /api/latest",
        "url": "/api/latest",
        "method": "get",
        "upload": false,
        "swaggerDoc": "",
        "x": 160,
        "y": 340,
        "wires": [
            [
                "function_check_session"
            ]
        ]
    },
    {
        "id": "function_check_session",
        "type": "function",
        "z": "flow_iot_monitor",
        "name": "Check session",
        "func": "const sid = msg.req.headers['x-session-id'];\nconst user = flow.get(`session_${sid}`);\nif (!user) {\n    msg.statusCode = 401;\n    msg.payload = {ok:false,error:'Chưa đăng nhập'};\n    return [null, msg];\n}\nmsg.topic = 'SELECT * FROM sensor_latest';\nreturn [msg, null];",
        "outputs": 2,
        "x": 400,
        "y": 340,
        "wires": [
            [
                "mysql_get_latest"
            ],
            [
                "http_latest_response"
            ]
        ]
    },
    {
        "id": "mysql_get_latest",
        "type": "mysql",
        "z": "flow_iot_monitor",
        "mydb": "b4dfdc9c6b41e3b2",
        "name": "Query latest → MariaDB",
        "x": 650,
        "y": 340,
        "wires": [
            [
                "http_latest_response"
            ]
        ]
    },
    {
        "id": "http_latest_response",
        "type": "http response",
        "z": "flow_iot_monitor",
        "name": "Latest Response",
        "x": 880,
        "y": 340,
        "wires": []
    }
]